Ident,TotLec
110901HO  ,106.6999969
110901HO  ,115.5
110901HO  ,125.6999969
110901HO  ,46.29999924
110901HO  ,214.1999969
110901HO  ,164.3999939
110901HO  ,197.3000031
110901HO  ,223.8999939
110901HO  ,180.5
110901HO  ,162.5
110901HO  ,180.6999969
110901HO  ,155.1999969
110901HO  ,167.3000031
110901HO  ,150.8999939
110901HO  ,111.4000015
110901HO  ,87
110901HO  ,89.59999847
110901HO  ,128.8999939
110901HO  ,143
110901HO  ,70.59999847
110901HO  ,126.0999985
110901HO  ,91.30000305
110901HO  ,215.6999969
110901HO  ,0
110901HO  ,227.1000061
110901HO  ,193.3000031
110901HO  ,215.8999939
110901HO  ,174.3999939
110901HO  ,184
110901HO  ,202.3999939
110901HO  ,190.6999969
110901HO  ,169.5
110901HO  ,201
110901HO  ,215.5
110901HO  ,193.3999939
110901HO  ,178.3999939
110901HO  ,161.1000061
110901HO  ,132.6999969
110901HO  ,108.9000015
110901HO  ,109.3000031
110901HO  ,82.5
110901HO  ,76.19999695
110901HO  ,60.09999847
110901HO  ,18.89999962
110901HO  ,261.7000122
110901HO  ,236.6999969
110901HO  ,252.3000031
110901HO  ,217.5
110901HO  ,221.5
110901HO  ,241
110901HO  ,247.6999969
110901HO  ,266.2999878
110901HO  ,253.3999939
110901HO  ,223.3000031
110901HO  ,246.5
110901HO  ,254.3999939
110901HO  ,223.3000031
110901HO  ,168.1999969
110901HO  ,162.5
110901HO  ,164
110901HO  ,121.8000031
110901HO  ,125.8000031
110901HO  ,102
110901HO  ,116.1999969
110901HO  ,297.3999939
110901HO  ,274
110901HO  ,178.5
110901HO  ,244.8000031
110901HO  ,171.1000061
110901HO  ,126.1999969
110901HO  ,92.59999847
110901HO  ,145.1000061
110901HO  ,131.1999969
110901HO  ,128
110901HO  ,119.5
110901HO  ,100.6999969
110901HO  ,106.5
110901HO  ,110.9000015
110901HO  ,104.8000031
110901HO  ,88.90000153
110903HO  ,37
110903HO  ,93.90000153
110903HO  ,106.3000031
110903HO  ,125.4000015
110903HO  ,94.19999695
110903HO  ,109.8000031
110903HO  ,102.6999969
110903HO  ,381.2000122
110903HO  ,437.1000061
110903HO  ,209.3000031
110903HO  ,198.6999969
110903HO  ,218.8000031
110903HO  ,210.1000061
110903HO  ,166.3000031
110903HO  ,234.5
110903HO  ,103.4000015
110903HO  ,210.3999939
110903HO  ,239.5
110903HO  ,246.5
110903HO  ,335.2999878
110903HO  ,302.7000122
110903HO  ,258.3999939
110903HO  ,263.5
110903HO  ,272.7999878
110903HO  ,253
110903HO  ,180
110903HO  ,164.1999969
110903HO  ,162.8000031
110903HO  ,138.8999939
110903HO  ,67.30000305
110903HO  ,243.5
110903HO  ,264.8999939
110903HO  ,239.6999969
110903HO  ,262.8999939
110903HO  ,240
110903HO  ,241.3000031
110903HO  ,255.3000031
110903HO  ,265.3999939
110903HO  ,279.8999939
110903HO  ,275.5
110903HO  ,279.2000122
110903HO  ,275.2000122
110903HO  ,257.2000122
110903HO  ,237.1999969
110903HO  ,185.8000031
110903HO  ,170.3000031
110903HO  ,143.1999969
110903HO  ,72.59999847
110903HO  ,212.3999939
110903HO  ,301.6000061
110903HO  ,284.7999878
110903HO  ,176.1999969
110903HO  ,241.1999969
110903HO  ,172.1999969
110903HO  ,167.1999969
110903HO  ,154.1000061
110903HO  ,177.5
110903HO  ,148.6999969
110903HO  ,131.6999969
110903HO  ,113.5
110903HO  ,81.80000305
110904HO  ,42.20000076
110904HO  ,103.5999985
110904HO  ,56.09999847
110904HO  ,50.5
110904HO  ,77.90000153
110904HO  ,90.59999847
110904HO  ,74.59999847
110904HO  ,63.29999924
110904HO  ,63.29999924
110904HO  ,51.29999924
110904HO  ,49.70000076
110904HO  ,140.1000061
110904HO  ,131.6000061
110904HO  ,112.5999985
110904HO  ,103
110904HO  ,80.90000153
110904HO  ,60.40000153
110904HO  ,171.3999939
110904HO  ,97
110904HO  ,165.3000031
110904HO  ,135
110904HO  ,137.1000061
110904HO  ,173.3000031
110904HO  ,162.3999939
110904HO  ,138
110904HO  ,129.6999969
110904HO  ,117.5
110904HO  ,117.6999969
110904HO  ,148.3000031
110904HO  ,166.3000031
110904HO  ,137.3000031
110904HO  ,115.3000031
110904HO  ,106.8000031
110904HO  ,78.19999695
110904HO  ,64.69999695
110904HO  ,45.70000076
110915HO  ,178.1000061
110915HO  ,194.6999969
110915HO  ,35.70000076
110915HO  ,61.79999924
110915HO  ,110.4000015
110915HO  ,197.8000031
110915HO  ,203.6000061
110915HO  ,242.3000031
110915HO  ,249
110915HO  ,246.8000031
110915HO  ,508.8999939
110915HO  ,493.8999939
110915HO  ,220.3999939
110915HO  ,213.8999939
110915HO  ,227.6999969
110915HO  ,240.3000031
110915HO  ,259.7999878
110915HO  ,267.7999878
110915HO  ,238.6999969
110915HO  ,210.3999939
110915HO  ,167
110915HO  ,142.3999939
110915HO  ,0
110915HO  ,323.3999939
110915HO  ,286.1000061
110915HO  ,283.7999878
110915HO  ,284.7999878
110915HO  ,326.1000061
110915HO  ,260.7999878
110915HO  ,266.7999878
110915HO  ,257.1000061
110915HO  ,177.6999969
110915HO  ,202.3999939
110915HO  ,145.6999969
110915HO  ,55.40000153
110915HO  ,262.1000061
110915HO  ,277.5
110915HO  ,179
110915HO  ,269.3999939
110915HO  ,286
110915HO  ,272.7000122
110915HO  ,303.8999939
110915HO  ,330.3999939
110915HO  ,303
110915HO  ,290
110915HO  ,268.2000122
110915HO  ,255.5
110915HO  ,256.5
110915HO  ,172.6000061
110915HO  ,79.69999695
110915HO  ,53.70000076
110915HO  ,0
110915HO  ,257.3999939
110915HO  ,326.6000061
110915HO  ,335.2999878
110915HO  ,326.8999939
110915HO  ,294.3999939
110915HO  ,307.7000122
110915HO  ,321.7999878
110915HO  ,282.6000061
110915HO  ,257.1000061
110915HO  ,278.7000122
110915HO  ,274.7999878
110915HO  ,228.1999969
110915HO  ,236.1000061
110915HO  ,169.8000031
110915HO  ,161.3000031
110915HO  ,111.5999985
110915HO  ,90
110915HO  ,0
110915HO  ,134.6000061
110915HO  ,219.5
110915HO  ,287.2999878
110915HO  ,325.5
110915HO  ,269.1000061
110915HO  ,249.1000061
110915HO  ,221.5
110915HO  ,162.1000061
110915HO  ,129.1000061
110915HO  ,128.3999939
110915HO  ,102.6999969
110919HO  ,0
110919HO  ,43.20000076
110919HO  ,40.70000076
110919HO  ,29.5
110919HO  ,60.90000153
110919HO  ,129
110919HO  ,69.90000153
110923HO  ,135.3000031
110923HO  ,15.5
110923HO  ,194.8999939
110923HO  ,190.8000031
110923HO  ,182.3999939
110923HO  ,203.6000061
110923HO  ,206.3999939
110923HO  ,200.1000061
110923HO  ,373.7999878
110923HO  ,384.8999939
110923HO  ,203.8000031
110923HO  ,190.3999939
110923HO  ,186.5
110923HO  ,205.6999969
110923HO  ,187
110923HO  ,197.6000061
110923HO  ,197.8999939
110923HO  ,184.6999969
110923HO  ,159.5
110923HO  ,135.8999939
110923HO  ,156.1999969
110923HO  ,190.6999969
110923HO  ,172.5
110923HO  ,147.8000031
110923HO  ,145.5
110923HO  ,165.8999939
110923HO  ,119.4000015
110923HO  ,133.6000061
110923HO  ,118.9000015
110923HO  ,100.4000015
110923HO  ,56.20000076
110923HO  ,54.09999847
110923HO  ,38.59999847
110924HO  ,19.70000076
110924HO  ,17.60000038
110924HO  ,49.09999847
110924HO  ,113.1999969
110924HO  ,227.8000031
110924HO  ,251.3999939
110924HO  ,268.3999939
110924HO  ,270.1000061
110924HO  ,309
110924HO  ,293.8999939
110924HO  ,262.8999939
110924HO  ,234.1000061
110924HO  ,234.3999939
110924HO  ,250.3000031
110924HO  ,255.6000061
110924HO  ,230.6999969
110924HO  ,217.3000031
110924HO  ,195.8999939
110924HO  ,175.3999939
110924HO  ,147.1000061
110924HO  ,85.59999847
110924HO  ,93.30000305
110924HO  ,55.40000153
110924HO  ,10.60000038
110924HO  ,18.79999924
110924HO  ,23.5
110924HO  ,26
110926HO  ,154
110926HO  ,191.3000031
110926HO  ,39.40000153
110926HO  ,85
110926HO  ,108
110926HO  ,208.6000061
110926HO  ,175
110926HO  ,325.1000061
110926HO  ,338.7999878
110926HO  ,188.1000061
110926HO  ,163.3999939
110926HO  ,144.5
110926HO  ,162.3999939
110926HO  ,155.6000061
110926HO  ,157
110926HO  ,148.6000061
110926HO  ,130.5
110926HO  ,119.4000015
110926HO  ,123.9000015
110926HO  ,124.5
110926HO  ,92.5
110926HO  ,208.1999969
110926HO  ,218.8000031
110926HO  ,203.8000031
110926HO  ,260.6000061
110926HO  ,247
110926HO  ,223.6999969
110926HO  ,186.8000031
110926HO  ,168.1000061
110926HO  ,189.8000031
110926HO  ,119.1999969
110926HO  ,90
110926HO  ,108.1999969
110926HO  ,106.5
110926HO  ,93.69999695
110926HO  ,78.69999695
110926HO  ,109
110926HO  ,114.6999969
110926HO  ,59.79999924
110930HO  ,215.8000031
110930HO  ,253.1999969
110930HO  ,0
110930HO  ,116.4000015
110930HO  ,242.1999969
110930HO  ,233.6999969
110930HO  ,220.3999939
110930HO  ,252
110930HO  ,234.8000031
110930HO  ,257
110930HO  ,260.2999878
110930HO  ,274.1000061
110930HO  ,244.3000031
110930HO  ,238.3000031
110930HO  ,236.8000031
110930HO  ,219.8999939
110930HO  ,177.3000031
110930HO  ,158.8999939
110930HO  ,188.6000061
110930HO  ,210.1999969
110930HO  ,152
110930HO  ,148.5
110930HO  ,28.39999962
110930HO  ,262.5
110930HO  ,230.6000061
110930HO  ,236.3000031
110930HO  ,258.1000061
110930HO  ,267.5
110930HO  ,252.8999939
110930HO  ,238
110930HO  ,249.1000061
110930HO  ,150.3000031
110930HO  ,285.7999878
110930HO  ,216.8000031
110930HO  ,111.5999985
110930HO  ,114.1999969
110930HO  ,84.19999695
110930HO  ,115
110930HO  ,94
110930HO  ,59.5
110930HO  ,33.5
110930HO  ,38
110930HO  ,139.1000061
110930HO  ,127.6999969
110930HO  ,232.3000031
110930HO  ,199.8999939
110930HO  ,226.1000061
110930HO  ,265.7000122
110930HO  ,251.1999969
110930HO  ,280.7999878
110930HO  ,278.8999939
110930HO  ,274.7999878
110930HO  ,243
110930HO  ,177.8000031
110930HO  ,133.8999939
110930HO  ,147.1000061
110930HO  ,108.5
110930HO  ,69
110930HO  ,47
110930HO  ,0
110930HO  ,147.8000031
110930HO  ,181.8999939
110930HO  ,205.3999939
110930HO  ,217.6000061
110930HO  ,221.6000061
110930HO  ,237.1999969
110930HO  ,251.3999939
110930HO  ,264.5
110930HO  ,267.1000061
110930HO  ,257.3999939
110930HO  ,238.1999969
110930HO  ,212.6000061
110930HO  ,224.6999969
110930HO  ,229.5
110930HO  ,159.5
110930HO  ,140.1999969
110930HO  ,119.4000015
110930HO  ,128.3999939
110930HO  ,115.0999985
110930HO  ,89.40000153
110930HO  ,70.90000153
110930HO  ,210.1999969
110930HO  ,339.6000061
110930HO  ,245.8000031
110930HO  ,242.3000031
110930HO  ,218.5
110930HO  ,227.8000031
110930HO  ,184.6000061
110930HO  ,196.6999969
110930HO  ,208.1000061
110930HO  ,188.8999939
110930HO  ,163
110930HO  ,167.1999969
110930HO  ,153.5
110930HO  ,140.3000031
110931HO  ,117.5999985
110931HO  ,201.6999969
110931HO  ,178.8999939
110931HO  ,182.8000031
110931HO  ,229.6999969
110931HO  ,248.6000061
110931HO  ,398.6000061
110931HO  ,346.3999939
110931HO  ,191.1999969
110931HO  ,192.3999939
110931HO  ,178.6000061
110931HO  ,144.8999939
110931HO  ,150.6000061
110931HO  ,135
110931HO  ,158
110931HO  ,153
110931HO  ,96.59999847
110931HO  ,11
110931HO  ,202.8999939
110931HO  ,173.6999969
110931HO  ,219.5
110931HO  ,204.1000061
110931HO  ,160.1999969
110931HO  ,191.8999939
110931HO  ,187.3000031
110931HO  ,199.6000061
110931HO  ,210
110931HO  ,227.1000061
110931HO  ,218.8000031
110931HO  ,214
110931HO  ,192.3999939
110931HO  ,141.6999969
110931HO  ,99.09999847
110931HO  ,67.30000305
110931HO  ,69.90000153
110931HO  ,224.8000031
110931HO  ,220.1999969
110931HO  ,218.6999969
110931HO  ,200.6000061
110931HO  ,123.5999985
110931HO  ,101.1999969
110931HO  ,153.8999939
110931HO  ,107.3000031
110931HO  ,52.09999847
110931HO  ,40.20000076
110931HO  ,256
110931HO  ,169.3000031
110931HO  ,260.5
110931HO  ,187.6000061
110931HO  ,188.8999939
110931HO  ,180.1000061
110931HO  ,188.1999969
110931HO  ,163.5
110931HO  ,148.1999969
110931HO  ,157.8999939
110931HO  ,164.6000061
110931HO  ,112.0999985
110931HO  ,119.8000031
110931HO  ,93.19999695
110936HO  ,262.3999939
110936HO  ,231
110936HO  ,104.1999969
110936HO  ,109
110936HO  ,494.2999878
110936HO  ,502.5
110936HO  ,264.2000122
110936HO  ,227
110936HO  ,202.8000031
110936HO  ,201.6999969
110936HO  ,195.3999939
110936HO  ,196.3999939
110936HO  ,154.3000031
110936HO  ,133.6000061
110936HO  ,130.8000031
110936HO  ,136.8999939
110936HO  ,119.3000031
110936HO  ,95.19999695
110936HO  ,110.5999985
110936HO  ,106.5999985
110936HO  ,122.8000031
110936HO  ,112.1999969
110936HO  ,53.20000076
110936HO  ,229
110936HO  ,356.2000122
110936HO  ,319.8999939
110936HO  ,248.8999939
110936HO  ,287.3999939
110936HO  ,361.8999939
110936HO  ,315.8999939
110936HO  ,267.1000061
110936HO  ,262.7999878
110936HO  ,220.1000061
110936HO  ,155.8999939
110936HO  ,169.1999969
110936HO  ,158.8000031
110936HO  ,173.5
110936HO  ,168.3999939
110936HO  ,161
110936HO  ,144.8000031
110936HO  ,114.4000015
110936HO  ,113.9000015
110936HO  ,119.6999969
110936HO  ,35.20000076
110936HO  ,257.7000122
110936HO  ,243.6000061
110936HO  ,279.2999878
110936HO  ,350
110936HO  ,265.7000122
110936HO  ,214.3000031
110936HO  ,255.1999969
110936HO  ,180.6000061
110936HO  ,120.8000031
110936HO  ,95.59999847
110936HO  ,95.80000305
110936HO  ,128.5
110936HO  ,88.69999695
110936HO  ,91.90000153
110936HO  ,71.09999847
110936HO  ,51.20000076
110939HO  ,109.4000015
110939HO  ,100.0999985
110940HO  ,13.60000038
110940HO  ,46.20000076
110940HO  ,232.8999939
110940HO  ,163.6000061
110940HO  ,193.3000031
110940HO  ,174.1999969
110940HO  ,96.40000153
110940HO  ,44.40000153
110940HO  ,58.90000153
110940HO  ,53.29999924
110940HO  ,56.79999924
110940HO  ,251.1000061
110940HO  ,249.5
110940HO  ,243.3000031
110940HO  ,293
110940HO  ,281.5
110940HO  ,238.6000061
110940HO  ,243.3999939
110940HO  ,168.6000061
110940HO  ,42.40000153
110940HO  ,20.70000076
110940HO  ,18.60000038
110945HO  ,119.1999969
110945HO  ,145.1999969
110945HO  ,288.1000061
110945HO  ,399.7000122
110945HO  ,227.8999939
110945HO  ,225
110945HO  ,217.8999939
110945HO  ,187.5
110945HO  ,218.6000061
110945HO  ,221.5
110945HO  ,144.6999969
110945HO  ,190.3000031
110945HO  ,191.6999969
110945HO  ,161
110945HO  ,190.8000031
110945HO  ,239.5
110945HO  ,245.1000061
110945HO  ,278.7999878
110945HO  ,242.8999939
110945HO  ,234.3000031
110945HO  ,291.2999878
110945HO  ,346.7000122
110945HO  ,290
110945HO  ,298.2000122
110945HO  ,265.6000061
110945HO  ,212.6000061
110945HO  ,182.3000031
110945HO  ,112.8000031
110945HO  ,148.8000031
110945HO  ,65.30000305
110945HO  ,29.29999924
110945HO  ,25.20000076
110945HO  ,65
110945HO  ,202
110945HO  ,236.6999969
110945HO  ,330.3999939
110945HO  ,392
110945HO  ,370.2000122
110945HO  ,296.2999878
110945HO  ,256.2000122
110945HO  ,311.1000061
110945HO  ,315.2999878
110945HO  ,285
110945HO  ,243.3999939
110945HO  ,267.7999878
110945HO  ,265.1000061
110945HO  ,214.6000061
110945HO  ,170.1999969
110945HO  ,102
110945HO  ,197
110945HO  ,324.8999939
110945HO  ,264.2999878
110945HO  ,204.8999939
110945HO  ,339
110945HO  ,168.3999939
110945HO  ,182.8000031
110945HO  ,201.1999969
110945HO  ,225.3000031
110945HO  ,202.6999969
110945HO  ,185.1000061
110945HO  ,185
110945HO  ,156.8999939
110945HO  ,149.3999939
110945HO  ,167.3999939
110945HO  ,167
110945HO  ,140.5
110945HO  ,112.3000031
110946HO  ,261.2999878
110946HO  ,233.1000061
110946HO  ,5.599999905
110946HO  ,65.69999695
110946HO  ,98.90000153
110946HO  ,112.4000015
110946HO  ,78.30000305
110946HO  ,178.3999939
110946HO  ,297.5
110946HO  ,302.7000122
110946HO  ,155.6000061
110946HO  ,156
110946HO  ,171.3000031
110946HO  ,164.3999939
110946HO  ,137.8999939
110946HO  ,149.1999969
110946HO  ,134.5
110946HO  ,119.8000031
110946HO  ,109.8000031
110946HO  ,107.6999969
110946HO  ,97.90000153
110946HO  ,78.69999695
110946HO  ,55.5
110946HO  ,182.6999969
110946HO  ,243.1999969
110946HO  ,202.5
110946HO  ,139.8999939
110946HO  ,161.1000061
110946HO  ,157.5
110946HO  ,81.59999847
110946HO  ,48.20000076
110946HO  ,52.40000153
110949HO  ,59
110949HO  ,146
110949HO  ,0
110949HO  ,53.20000076
110949HO  ,123.3000031
110949HO  ,278
110949HO  ,368.6000061
110949HO  ,185.3000031
110949HO  ,176.3999939
110949HO  ,180.6000061
110949HO  ,167
110949HO  ,163.6999969
110949HO  ,152.8000031
110949HO  ,155.6000061
110949HO  ,157.1000061
110949HO  ,128.8999939
110949HO  ,100.4000015
110949HO  ,101.4000015
110949HO  ,97.30000305
110949HO  ,77.19999695
110949HO  ,154.6000061
110949HO  ,166
110949HO  ,133.8999939
110949HO  ,117.9000015
110949HO  ,178.1999969
110949HO  ,206.6999969
110949HO  ,87.69999695
110957HO  ,343
110957HO  ,308.7999878
110957HO  ,9.100000381
110957HO  ,95.30000305
110957HO  ,122.8000031
110957HO  ,89.80000305
110957HO  ,119.5
110957HO  ,111.0999985
110957HO  ,481.2000122
110957HO  ,513.7999878
110957HO  ,267.7000122
110957HO  ,277.6000061
110957HO  ,260.2999878
110957HO  ,266.6000061
110957HO  ,272.2000122
110957HO  ,284.3999939
110957HO  ,260.7000122
110957HO  ,276.6000061
110957HO  ,266
110957HO  ,259.2999878
110957HO  ,109.8000031
110957HO  ,236.1999969
110957HO  ,228.1000061
110957HO  ,337
110957HO  ,316.2000122
110957HO  ,293.7999878
110957HO  ,334.6000061
110957HO  ,276.2999878
110957HO  ,267.2000122
110957HO  ,311.7000122
110957HO  ,262.2999878
110957HO  ,259.2000122
110957HO  ,272.6000061
110957HO  ,266.2999878
110957HO  ,269.8999939
110957HO  ,261.7999878
110957HO  ,178.8999939
110957HO  ,307.5
110957HO  ,245
110957HO  ,172.6000061
110957HO  ,164.5
110957HO  ,69.90000153
110957HO  ,141.5
110957HO  ,113.4000015
110957HO  ,105.5
110957HO  ,301.7000122
110957HO  ,301
110957HO  ,278
110957HO  ,305.3999939
110957HO  ,363.3999939
110957HO  ,357
110957HO  ,368.2000122
110957HO  ,403.2000122
110957HO  ,387.1000061
110957HO  ,406.7000122
110957HO  ,425.6000061
110957HO  ,387.1000061
110957HO  ,336.2999878
110957HO  ,226.8999939
110957HO  ,211.1000061
110957HO  ,169.8000031
110957HO  ,157.6999969
110957HO  ,86.59999847
110957HO  ,139.6999969
110957HO  ,41
110957HO  ,71.90000153
110957HO  ,343.3999939
110957HO  ,359.1000061
110957HO  ,361.2000122
110957HO  ,386.3999939
110957HO  ,371
110957HO  ,317.7999878
110957HO  ,331.1000061
110957HO  ,270.2000122
110957HO  ,276.5
110957HO  ,365.3999939
110957HO  ,310.6000061
110957HO  ,317
110957HO  ,302.2999878
110957HO  ,190.8000031
110957HO  ,206.5
110957HO  ,165.5
110957HO  ,164.3999939
110957HO  ,137.8999939
110957HO  ,124.4000015
110957HO  ,84.5
110957HO  ,101.1999969
110957HO  ,288.1000061
110957HO  ,340.8999939
110957HO  ,308.5
110957HO  ,318.7999878
110957HO  ,241.3000031
110957HO  ,266.1000061
110957HO  ,276.6000061
110957HO  ,257.5
110957HO  ,285.5
110957HO  ,273.1000061
110957HO  ,258.8999939
110957HO  ,264.2000122
110957HO  ,204
110961HO  ,40.09999847
110961HO  ,105.8000031
110961HO  ,83.90000153
110961HO  ,199.3999939
110961HO  ,347.7999878
110961HO  ,342
110961HO  ,168.1999969
110961HO  ,114.5
110961HO  ,115.5
110961HO  ,136.3999939
110961HO  ,135
110961HO  ,127.5
110961HO  ,128.8000031
110961HO  ,88.59999847
110961HO  ,32.09999847
110961HO  ,244.3999939
110961HO  ,246.8999939
110961HO  ,294.1000061
110961HO  ,291.2999878
110961HO  ,277.7999878
110961HO  ,265.3999939
110961HO  ,246
110961HO  ,210.8000031
110961HO  ,196.6999969
110961HO  ,171.6999969
110961HO  ,133.5
110961HO  ,104.0999985
110961HO  ,84.59999847
110961HO  ,71.09999847
110961HO  ,95.90000153
110961HO  ,71.09999847
110961HO  ,65.40000153
110967HO  ,158.6000061
110967HO  ,242.1000061
110967HO  ,84.69999695
110967HO  ,0
110967HO  ,120.4000015
110967HO  ,116.8000031
110967HO  ,237.8999939
110967HO  ,128.1999969
110967HO  ,127.5999985
110967HO  ,496.2999878
110967HO  ,472.1000061
110967HO  ,235.3999939
110967HO  ,216.3999939
110967HO  ,236.8999939
110967HO  ,232.8000031
110967HO  ,190.6999969
110967HO  ,176.5
110967HO  ,197.5
110967HO  ,184.1000061
110967HO  ,163
110967HO  ,159
110967HO  ,174.5
110967HO  ,93.40000153
110967HO  ,217.8999939
110967HO  ,275.7000122
110967HO  ,229.8999939
110967HO  ,228.1000061
110967HO  ,202.6000061
110967HO  ,224.6000061
110967HO  ,226.6999969
110967HO  ,139.3000031
110967HO  ,109
110967HO  ,116.4000015
110967HO  ,114.5
110967HO  ,98.09999847
110967HO  ,83.69999695
110967HO  ,63.90000153
110967HO  ,52.59999847
110967HO  ,191.1000061
110967HO  ,355.6000061
110967HO  ,260.3999939
110967HO  ,205.6999969
110967HO  ,288.5
110967HO  ,289.7000122
110967HO  ,281.5
110967HO  ,274.5
110967HO  ,259.7999878
110967HO  ,212.1999969
110967HO  ,179.1999969
110967HO  ,172.3999939
110967HO  ,177.3000031
110967HO  ,158.1000061
110967HO  ,80.5
110968HO  ,38.29999924
110968HO  ,54.29999924
110968HO  ,155.6000061
110968HO  ,377.7000122
110968HO  ,425.8999939
110968HO  ,222.5
110968HO  ,213.3999939
110968HO  ,175.8000031
110968HO  ,194
110968HO  ,191
110968HO  ,231.3000031
110968HO  ,195.3000031
110968HO  ,177.6999969
110968HO  ,116.3000031
110968HO  ,0
110968HO  ,128.3000031
110968HO  ,177.6000061
110968HO  ,153.8999939
110968HO  ,209.3000031
110968HO  ,201.6000061
110968HO  ,144.6999969
110968HO  ,126.5999985
110968HO  ,155.3000031
110968HO  ,223.6999969
110968HO  ,201.5
110968HO  ,84.40000153
110969HO  ,171.3999939
110969HO  ,100.9000015
110969HO  ,95.40000153
110969HO  ,0
110969HO  ,74.90000153
110969HO  ,90.30000305
110969HO  ,188.3999939
110969HO  ,172.5
110969HO  ,336.7999878
110969HO  ,282.7000122
110969HO  ,157.8999939
110969HO  ,150
110969HO  ,109
110969HO  ,138.6999969
110969HO  ,79.69999695
110969HO  ,145.1999969
110969HO  ,47.29999924
110969HO  ,142.1999969
110969HO  ,187.3000031
110969HO  ,181
110969HO  ,130.6000061
110969HO  ,124
110969HO  ,147.1000061
110969HO  ,96.40000153
110969HO  ,68.40000153
110969HO  ,51.20000076
110969HO  ,0
110969HO  ,251.6000061
110969HO  ,267.7999878
110969HO  ,258.2999878
110969HO  ,199.6000061
110969HO  ,182.3999939
110969HO  ,203.1000061
110969HO  ,190.3999939
110969HO  ,224.5
110969HO  ,281.7999878
110969HO  ,268
110969HO  ,208.6999969
110969HO  ,198.6999969
110969HO  ,187
110969HO  ,122.8000031
110969HO  ,53.90000153
110969HO  ,227.8000031
110969HO  ,229.6999969
110969HO  ,267.2999878
110969HO  ,282.2000122
110969HO  ,271.2999878
110969HO  ,285.7000122
110969HO  ,225.6999969
110969HO  ,213.1000061
110969HO  ,255.5
110969HO  ,292.6000061
110969HO  ,341.6000061
110969HO  ,284
110969HO  ,279.3999939
110969HO  ,243.3000031
110969HO  ,164.1999969
110969HO  ,173.8999939
110969HO  ,136.1999969
110969HO  ,116.8000031
110969HO  ,94.90000153
110969HO  ,155.3999939
110969HO  ,134.3000031
110969HO  ,0
110969HO  ,229
110969HO  ,273.6000061
110969HO  ,264.7999878
110969HO  ,296.5
110969HO  ,252.1000061
110969HO  ,151.1000061
110969HO  ,144.1999969
110969HO  ,236.8000031
110969HO  ,243.6999969
110969HO  ,259.2999878
110969HO  ,309.1000061
110969HO  ,305.2000122
110969HO  ,222.1999969
110970HO  ,15.30000019
110970HO  ,427.6000061
110970HO  ,100.8000031
110970HO  ,140.6000061
110970HO  ,197.8000031
110970HO  ,192.6999969
110970HO  ,228.5
110970HO  ,241.3999939
110970HO  ,243.1999969
110970HO  ,196.8000031
110970HO  ,245.8000031
110970HO  ,188
110970HO  ,219.3000031
110970HO  ,156.1999969
110970HO  ,147.1999969
110970HO  ,171.1000061
110970HO  ,165.5
110970HO  ,158.3999939
110970HO  ,146.6999969
110970HO  ,123
110970HO  ,79.19999695
110970HO  ,21
110970HO  ,240.6999969
110970HO  ,286.2000122
110970HO  ,269.7999878
110970HO  ,236.6999969
110970HO  ,184.3000031
110970HO  ,168.1000061
110970HO  ,212.6000061
110970HO  ,154
110970HO  ,169.3000031
110970HO  ,169.3000031
110970HO  ,187.5
110970HO  ,206.1000061
110970HO  ,206.3999939
110970HO  ,201.6999969
110970HO  ,181.1000061
110970HO  ,138.8000031
110970HO  ,132.1999969
110970HO  ,133.1000061
110970HO  ,72.40000153
110970HO  ,0
110970HO  ,169.3999939
110970HO  ,215
110970HO  ,206.8000031
110970HO  ,226.1000061
110970HO  ,216.1000061
110970HO  ,286.7999878
110970HO  ,262.7000122
110970HO  ,248
110970HO  ,246.5
110970HO  ,136.8000031
110970HO  ,208.6000061
110970HO  ,135.3000031
110970HO  ,89.80000305
110970HO  ,82
110970HO  ,64.59999847
110970HO  ,28.29999924
110971HO  ,250.6999969
110971HO  ,285.6000061
110971HO  ,0
110971HO  ,80
110971HO  ,94.19999695
110971HO  ,232.8000031
110971HO  ,251.3000031
110971HO  ,233.5
110971HO  ,250
110971HO  ,310.7999878
110971HO  ,310
110971HO  ,290.7000122
110971HO  ,294.2000122
110971HO  ,259.1000061
110971HO  ,253.6000061
110971HO  ,243.8999939
110971HO  ,212.8999939
110971HO  ,205.6000061
110971HO  ,226.8999939
110971HO  ,242.6000061
110971HO  ,231.5
110971HO  ,195
110971HO  ,201
110971HO  ,158.1999969
110971HO  ,64.69999695
110971HO  ,248.3999939
110971HO  ,427
110971HO  ,433.2999878
110971HO  ,314.3999939
110971HO  ,316.7000122
110971HO  ,261.7999878
110971HO  ,180
110971HO  ,165.6000061
110971HO  ,188.1999969
110971HO  ,184.6000061
110971HO  ,240.3999939
110971HO  ,193.3999939
110971HO  ,166.1999969
110971HO  ,174.3999939
110971HO  ,169.1000061
110971HO  ,133.6000061
110971HO  ,210.3000031
110971HO  ,27.20000076
110971HO  ,212.8999939
110971HO  ,230.1000061
110971HO  ,212.8999939
110971HO  ,277.3999939
110971HO  ,266.7999878
110971HO  ,261.6000061
110971HO  ,270.7999878
110971HO  ,287.3999939
110971HO  ,285.1000061
110971HO  ,266.5
110971HO  ,279.2000122
110971HO  ,263.3999939
110971HO  ,245.3000031
110971HO  ,239.8999939
110971HO  ,165
110971HO  ,132.8000031
110971HO  ,124.4000015
110971HO  ,112.3000031
110971HO  ,189.8000031
110971HO  ,170.3999939
110971HO  ,171.8000031
110971HO  ,168.1000061
110971HO  ,159.8999939
110971HO  ,132.3999939
110971HO  ,129.1000061
110971HO  ,79.09999847
110971HO  ,26.10000038
110971HO  ,0
110971HO  ,190.1999969
110971HO  ,289.2000122
110971HO  ,268.8999939
110971HO  ,255.6000061
110971HO  ,261.7999878
110971HO  ,239.3000031
110971HO  ,255.6000061
110971HO  ,230.6000061
110972HO  ,41.5
110972HO  ,78
110972HO  ,57.20000076
110972HO  ,43.40000153
110972HO  ,113.8000031
110972HO  ,338.8999939
110972HO  ,338.5
110972HO  ,154.8999939
110972HO  ,170.5
110972HO  ,175.1999969
110972HO  ,166
110972HO  ,103
110972HO  ,137.6999969
110972HO  ,112.0999985
110972HO  ,100.6999969
110972HO  ,70.59999847
110972HO  ,66.40000153
110972HO  ,58.79999924
110972HO  ,57.09999847
110972HO  ,191
110972HO  ,131.3999939
110972HO  ,116.8000031
110972HO  ,159.5
110972HO  ,169.5
110972HO  ,89.5
110972HO  ,72.30000305
110972HO  ,56.09999847
110972HO  ,8.699999809
110972HO  ,82
110972HO  ,256.7999878
110972HO  ,234.5
110972HO  ,226.1999969
110972HO  ,233.3000031
110972HO  ,239.5
110972HO  ,233.6999969
110972HO  ,215.8000031
110972HO  ,200.8000031
110972HO  ,184.6999969
110972HO  ,161.6000061
110972HO  ,138.5
110972HO  ,129.5
110972HO  ,89.59999847
110972HO  ,74.80000305
110972HO  ,54.70000076
110972HO  ,146.1999969
110972HO  ,240
110972HO  ,218.8000031
110972HO  ,219.8999939
110972HO  ,191.1999969
110972HO  ,189.6000061
110972HO  ,228.1000061
110972HO  ,233.1999969
110972HO  ,219.3999939
110972HO  ,221.8000031
110972HO  ,224.6000061
110972HO  ,191
110972HO  ,143.5
110972HO  ,113.5
110972HO  ,74.80000305
110972HO  ,66.30000305
110972HO  ,190.8000031
110972HO  ,320.6000061
110972HO  ,231.3999939
110972HO  ,220.6000061
110972HO  ,194.8999939
110972HO  ,222.1999969
110972HO  ,226.1000061
110972HO  ,155.6999969
110972HO  ,143.5
110972HO  ,216.1000061
110972HO  ,215.6999969
110972HO  ,191.8000031
110972HO  ,136.8999939
110972HO  ,137.6000061
110972HO  ,124.3000031
110975HO  ,250.5
110975HO  ,199
110975HO  ,8.800000191
110975HO  ,60.20000076
110975HO  ,57.90000153
110975HO  ,100.5999985
110975HO  ,98.90000153
110975HO  ,121.9000015
110975HO  ,137.8000031
110975HO  ,536.5999756
110975HO  ,100.3000031
110975HO  ,134
110975HO  ,249.8000031
110975HO  ,248.1000061
110975HO  ,201
110975HO  ,190.3000031
110975HO  ,248.6000061
110975HO  ,266.7000122
110975HO  ,275.2000122
110975HO  ,246.3999939
110975HO  ,239.6000061
110975HO  ,242.6999969
110975HO  ,246.1999969
110975HO  ,226.5
110975HO  ,284.3999939
110975HO  ,280.7999878
110975HO  ,249.6999969
110975HO  ,259
110975HO  ,244.5
110975HO  ,265.8999939
110975HO  ,238.3999939
110975HO  ,215.1999969
110975HO  ,232
110975HO  ,249.3999939
110975HO  ,211.1000061
110975HO  ,215.5
110975HO  ,206.3999939
110975HO  ,166.8000031
110975HO  ,163.1999969
110975HO  ,151.3000031
110975HO  ,108.5999985
110975HO  ,53.29999924
110975HO  ,0
110975HO  ,92.80000305
110975HO  ,332.5
110975HO  ,382.8999939
110975HO  ,358.8999939
110975HO  ,349.7999878
110975HO  ,417.8999939
110975HO  ,363.2999878
110975HO  ,321.2999878
110975HO  ,345.7999878
110975HO  ,340.8999939
110975HO  ,203.8999939
110975HO  ,121.4000015
110975HO  ,215.1000061
110975HO  ,212.3999939
110975HO  ,190.5
110975HO  ,178.6999969
110975HO  ,171.1000061
110975HO  ,0
110975HO  ,89.30000305
110975HO  ,223.6999969
110975HO  ,295.7999878
110975HO  ,289.5
110975HO  ,281
110975HO  ,267.7000122
110975HO  ,279
110975HO  ,304.2000122
110975HO  ,300.3999939
110975HO  ,308.7999878
110975HO  ,291.6000061
110975HO  ,272.2000122
110975HO  ,232.6999969
110975HO  ,205.6999969
110975HO  ,183.3000031
110975HO  ,159.6999969
110975HO  ,189.1000061
110975HO  ,137.6000061
110975HO  ,161.8999939
110975HO  ,138.8000031
110975HO  ,131.3000031
110975HO  ,130.6999969
110975HO  ,191.6999969
110975HO  ,317.1000061
110975HO  ,299.2999878
110975HO  ,317.8999939
110975HO  ,320.8999939
110975HO  ,333.2000122
110975HO  ,308.7000122
110975HO  ,260.7999878
110975HO  ,257.6000061
110975HO  ,267.2000122
110975HO  ,271.7999878
110975HO  ,311.8999939
110975HO  ,263.7999878
110979HO  ,185.3999939
110979HO  ,187.6999969
110979HO  ,0
110979HO  ,115
110979HO  ,219.3999939
110979HO  ,228.1999969
110979HO  ,242.3999939
110979HO  ,247.6999969
110979HO  ,217.5
110979HO  ,412
110979HO  ,417.5
110979HO  ,267.6000061
110979HO  ,269.7000122
110979HO  ,223.8999939
110979HO  ,234.8999939
110979HO  ,146.6000061
110979HO  ,182.3999939
110979HO  ,155.5
110979HO  ,125.5
110979HO  ,101.1999969
110979HO  ,127.5999985
110979HO  ,52.09999847
110979HO  ,239
110979HO  ,259.1000061
110979HO  ,240
110979HO  ,247
110979HO  ,183.6999969
110979HO  ,218.8000031
110979HO  ,228.6999969
110979HO  ,198.3999939
110979HO  ,169.1999969
110979HO  ,196
110979HO  ,178.8000031
110979HO  ,174.3999939
110979HO  ,155.6999969
110979HO  ,146.1999969
110979HO  ,125.5999985
110979HO  ,146.8999939
110979HO  ,155.6000061
110979HO  ,136.8000031
110979HO  ,88.59999847
110979HO  ,135.8999939
110979HO  ,94.5
110979HO  ,87.80000305
110979HO  ,63.40000153
110979HO  ,55.90000153
110979HO  ,44.29999924
110982HO  ,318.2000122
110982HO  ,259.2999878
110982HO  ,57.20000076
110982HO  ,125.4000015
110982HO  ,98.30000305
110982HO  ,120
110982HO  ,124.0999985
110982HO  ,466.2000122
110982HO  ,494.8999939
110982HO  ,292.8999939
110982HO  ,294.3999939
110982HO  ,275.2999878
110982HO  ,288.2999878
110982HO  ,312.3999939
110982HO  ,303.2000122
110982HO  ,277.2999878
110982HO  ,262.3999939
110982HO  ,255.1000061
110982HO  ,230.8000031
110982HO  ,165.1999969
110982HO  ,337.3999939
110982HO  ,294.1000061
110982HO  ,315.8999939
110982HO  ,316.8999939
110982HO  ,300.7999878
110982HO  ,283.1000061
110982HO  ,251.1000061
110982HO  ,257.5
110982HO  ,289.7999878
110982HO  ,282.7999878
110982HO  ,280.1000061
110982HO  ,222.6999969
110982HO  ,164.8999939
110982HO  ,161.1000061
110982HO  ,176.6999969
110982HO  ,128.3000031
110982HO  ,180.3999939
110982HO  ,134.5
110982HO  ,97.19999695
110982HO  ,60.20000076
110982HO  ,38.59999847
110982HO  ,26.89999962
110986HO  ,260.6000061
110986HO  ,281.7000122
110986HO  ,6.599999905
110986HO  ,56.40000153
110986HO  ,84.19999695
110986HO  ,126.8000031
110986HO  ,104.1999969
110986HO  ,124.4000015
110986HO  ,127.1999969
110986HO  ,486.5
110986HO  ,501.6000061
110986HO  ,276.6000061
110986HO  ,269.7999878
110986HO  ,258.3999939
110986HO  ,287.2000122
110986HO  ,295.5
110986HO  ,313.6000061
110986HO  ,285.2000122
110986HO  ,274.5
110986HO  ,248.3999939
110986HO  ,245.1000061
110986HO  ,260.5
110986HO  ,122.4000015
110986HO  ,259.7999878
110986HO  ,293
110986HO  ,333.7999878
110986HO  ,340.1000061
110986HO  ,263.2999878
110986HO  ,248.8000031
110986HO  ,243.1999969
110986HO  ,270.7999878
110986HO  ,255.6999969
110986HO  ,255.3999939
110986HO  ,186.1000061
110986HO  ,173.1000061
110986HO  ,230.1000061
110986HO  ,220.3999939
110986HO  ,72
110986HO  ,217.3999939
110986HO  ,147.8999939
110986HO  ,16.79999924
110986HO  ,219.8999939
110986HO  ,221.1000061
110986HO  ,256.6000061
110986HO  ,265.6000061
110986HO  ,263.6000061
110986HO  ,326.1000061
110986HO  ,271.8999939
110986HO  ,279
110986HO  ,305.1000061
110986HO  ,299.2000122
110986HO  ,302.2000122
110986HO  ,289.7000122
110986HO  ,279.2000122
110986HO  ,252.3000031
110986HO  ,224.1999969
110986HO  ,214.6000061
110986HO  ,192.6000061
110986HO  ,215.5
110986HO  ,197.5
110986HO  ,117.5999985
110986HO  ,111.5
110986HO  ,106.6999969
110986HO  ,111.3000031
110986HO  ,0
110986HO  ,356
110986HO  ,246.6999969
110986HO  ,370.1000061
110986HO  ,236.6999969
110986HO  ,210
110986HO  ,200.8999939
110986HO  ,226.6000061
110986HO  ,223.3999939
110986HO  ,247.1999969
110986HO  ,252.5
110986HO  ,258.2999878
110986HO  ,253.1000061
110986HO  ,272.1000061
110986HO  ,260.6000061
110986HO  ,275.5
110986HO  ,247.6999969
110990HO  ,37.90000153
110990HO  ,82.90000153
110990HO  ,35.40000153
110990HO  ,18.29999924
110990HO  ,36.79999924
110990HO  ,33.70000076
110990HO  ,83.69999695
110990HO  ,86.19999695
110990HO  ,89.30000305
110990HO  ,134.6000061
110990HO  ,111.3000031
110990HO  ,82.80000305
110990HO  ,114
110990HO  ,85.59999847
110990HO  ,142.3000031
110990HO  ,190.3000031
110990HO  ,33.59999847
110990HO  ,0
110990HO  ,47
110990HO  ,31.5
110990HO  ,81.30000305
110990HO  ,77.69999695
110990HO  ,55.59999847
110990HO  ,40.70000076
111003HO  ,142.3999939
111003HO  ,193.6000061
111003HO  ,48.40000153
111003HO  ,0
111003HO  ,62.79999924
111003HO  ,67.40000153
111003HO  ,83
111003HO  ,62.29999924
111003HO  ,154.8000031
111003HO  ,311.5
111003HO  ,314.2999878
111003HO  ,172.8000031
111003HO  ,150.6000061
111003HO  ,144.3999939
111003HO  ,150.6000061
111003HO  ,146.3000031
111003HO  ,153.1999969
111003HO  ,129.1999969
111003HO  ,112.4000015
111003HO  ,104.0999985
111003HO  ,110.5
111003HO  ,121.9000015
111003HO  ,67.19999695
111003HO  ,173.8999939
111003HO  ,154.6000061
111003HO  ,178.1000061
111003HO  ,160.1000061
111003HO  ,196.1000061
111003HO  ,210.3000031
111003HO  ,203.1999969
111003HO  ,163.1000061
111003HO  ,152
111003HO  ,123.9000015
111003HO  ,138.6999969
111003HO  ,33.79999924
111003HO  ,153.8999939
111003HO  ,209.3999939
111003HO  ,171.3000031
111003HO  ,184.5
111003HO  ,169.1000061
111003HO  ,188
111003HO  ,178.6000061
111003HO  ,184.1999969
111003HO  ,202.6000061
111003HO  ,205.3000031
111003HO  ,216.8000031
111003HO  ,221.6000061
111003HO  ,196.3999939
111003HO  ,187.6999969
111003HO  ,177.8000031
111003HO  ,157.3999939
111003HO  ,109.9000015
111003HO  ,98.09999847
111003HO  ,107.3000031
111003HO  ,124
111003HO  ,59.40000153
111003HO  ,101.0999985
111003HO  ,0
111003HO  ,168.1000061
111003HO  ,213
111003HO  ,269.7000122
111003HO  ,286.7000122
111003HO  ,234.8000031
111003HO  ,155.1999969
111003HO  ,227.6999969
111003HO  ,142
111003HO  ,141.1000061
111003HO  ,138.8000031
111003HO  ,160.1999969
111003HO  ,147.1000061
111003HO  ,140.3999939
111003HO  ,112.1999969
111003HO  ,86.40000153
111005HO  ,340.8999939
111005HO  ,306.5
111005HO  ,80.19999695
111005HO  ,29
111005HO  ,51.40000153
111005HO  ,84.19999695
111005HO  ,107.4000015
111005HO  ,240.6000061
111005HO  ,229.5
111005HO  ,453.7000122
111005HO  ,474.7000122
111005HO  ,225.8000031
111005HO  ,212.5
111005HO  ,209.6000061
111005HO  ,214.8000031
111005HO  ,249.3999939
111005HO  ,239.3000031
111005HO  ,259
111005HO  ,263.5
111005HO  ,105.3000031
111005HO  ,283.6000061
111005HO  ,261.6000061
111005HO  ,293.2000122
111005HO  ,313.6000061
111005HO  ,331.7999878
111005HO  ,326.7999878
111005HO  ,341.8999939
111005HO  ,309.7000122
111005HO  ,315
111005HO  ,317.7999878
111005HO  ,298.2999878
111005HO  ,275.5
111005HO  ,232.6999969
111005HO  ,94.09999847
111005HO  ,206.3999939
111005HO  ,132.1999969
111005HO  ,52.79999924
111005HO  ,67.19999695
111005HO  ,264
111005HO  ,264.8999939
111005HO  ,249.8000031
111005HO  ,245.1000061
111005HO  ,237.3999939
111005HO  ,277
111005HO  ,282.7999878
111005HO  ,252.5
111005HO  ,291.7999878
111005HO  ,293.8999939
111005HO  ,269
111005HO  ,279.8999939
111005HO  ,234.6000061
111005HO  ,143.8999939
111005HO  ,72.40000153
111005HO  ,172.8000031
111005HO  ,231.5
111005HO  ,220
111005HO  ,239.5
111005HO  ,255.3000031
111005HO  ,275.2000122
111005HO  ,240
111005HO  ,218.8999939
111005HO  ,251.8000031
111005HO  ,235.5
111005HO  ,204.6999969
111005HO  ,200.5
111005HO  ,208.8000031
111005HO  ,152.3000031
111005HO  ,87.90000153
111005HO  ,89.19999695
111005HO  ,0
111005HO  ,144
111005HO  ,169
111005HO  ,213.6999969
111005HO  ,192.1000061
111005HO  ,163.8000031
111005HO  ,167.3000031
111005HO  ,159.1999969
111005HO  ,150.6999969
111005HO  ,167.8999939
111005HO  ,149.6999969
111005HO  ,141.3999939
111005HO  ,113.9000015
111016HO  ,382.2000122
111016HO  ,334.2000122
111016HO  ,103.3000031
111016HO  ,10.60000038
111016HO  ,171.1999969
111016HO  ,208.3000031
111016HO  ,230.6999969
111016HO  ,247.8000031
111016HO  ,261
111016HO  ,257.6000061
111016HO  ,507.6000061
111016HO  ,495.5
111016HO  ,251.1000061
111016HO  ,251.6000061
111016HO  ,233.8000031
111016HO  ,243.6999969
111016HO  ,219
111016HO  ,239.8999939
111016HO  ,180.1000061
111016HO  ,171.3999939
111016HO  ,172.1000061
111016HO  ,163
111016HO  ,158.3000031
111016HO  ,150.8999939
111016HO  ,145.1000061
111016HO  ,122.9000015
111016HO  ,70
111016HO  ,81
111016HO  ,178.5
111016HO  ,261.5
111016HO  ,295.5
111016HO  ,345.2000122
111016HO  ,318.2000122
111016HO  ,331.7999878
111016HO  ,288.8999939
111016HO  ,290.2999878
111016HO  ,295.2999878
111016HO  ,226.6999969
111016HO  ,206.8000031
111016HO  ,222.5
111016HO  ,137.1999969
111016HO  ,227
111016HO  ,168.8999939
111016HO  ,111.4000015
111016HO  ,86.09999847
111016HO  ,21.70000076
111016HO  ,50.29999924
111016HO  ,35.40000153
111016HO  ,68.40000153
111016HO  ,124.5
111016HO  ,271
111016HO  ,298.2000122
111016HO  ,293.2999878
111016HO  ,292.6000061
111016HO  ,280.2999878
111016HO  ,251.6999969
111016HO  ,272.8999939
111016HO  ,295.2999878
111016HO  ,329.7999878
111016HO  ,330
111016HO  ,282.7000122
111016HO  ,251.6000061
111016HO  ,185.6000061
111016HO  ,193.3999939
111016HO  ,154.3999939
111016HO  ,115.5
111016HO  ,79
111016HO  ,64.19999695
111016HO  ,106.0999985
111016HO  ,155.8000031
111016HO  ,271.8999939
111016HO  ,269.8999939
111016HO  ,217.6999969
111016HO  ,203.6999969
111016HO  ,218.3000031
111016HO  ,203.8000031
111016HO  ,235
111016HO  ,262.2999878
111016HO  ,290.6000061
111016HO  ,252.1999969
111016HO  ,204
111016HO  ,259.1000061
111016HO  ,269.2999878
111016HO  ,173.1000061
111016HO  ,147.1000061
111016HO  ,124.9000015
111016HO  ,154
111016HO  ,143.8000031
111016HO  ,141.1000061
111016HO  ,116.1999969
111016HO  ,38
111016HO  ,260
111016HO  ,316.2999878
111016HO  ,298.7000122
111016HO  ,305.8999939
111016HO  ,305.8999939
111016HO  ,298.2000122
111016HO  ,295.1000061
111016HO  ,300
111016HO  ,297.6000061
111016HO  ,295.2000122
111016HO  ,261.1000061
111019HO  ,140.5
111019HO  ,101.9000015
111019HO  ,0
111019HO  ,19
111019HO  ,53.70000076
111019HO  ,80.19999695
111019HO  ,56.70000076
111019HO  ,151.5
111019HO  ,310.7000122
111019HO  ,223.8999939
111019HO  ,118.4000015
111019HO  ,118
111019HO  ,111.3000031
111019HO  ,117.1999969
111019HO  ,113.5999985
111019HO  ,110.6999969
111019HO  ,94
111019HO  ,78.80000305
111019HO  ,65.30000305
111019HO  ,59.59999847
111019HO  ,40
111019HO  ,116.5
111019HO  ,131.5
111019HO  ,129
111019HO  ,200.1000061
111019HO  ,189.5
111019HO  ,201.3999939
111019HO  ,199.8999939
111019HO  ,160.1000061
111019HO  ,101.1999969
111019HO  ,131
111019HO  ,65.19999695
111019HO  ,214.1999969
111019HO  ,53.20000076
111019HO  ,278.6000061
111019HO  ,248.3000031
111019HO  ,258.1000061
111019HO  ,268
111019HO  ,253.3000031
111019HO  ,243.5
111019HO  ,213.3999939
111019HO  ,219.8000031
111019HO  ,215.1999969
111019HO  ,196.8000031
111019HO  ,137.5
111019HO  ,113.6999969
111019HO  ,122.6999969
111019HO  ,85.80000305
111019HO  ,61.40000153
111019HO  ,118.3000031
111019HO  ,171.8000031
111019HO  ,184.3999939
111019HO  ,194.3000031
111019HO  ,189.8000031
111019HO  ,163.5
111019HO  ,175.1000061
111019HO  ,119.5999985
111019HO  ,76.90000153
111019HO  ,71.69999695
111019HO  ,73.80000305
111019HO  ,39.20000076